{
    "d":[
        {
            "AddressLine1":"10 Park Road",
            "AddressLine2":"Stevington",
            "AddressLine3":"",
            "Town":"BEDFORD",
            "County":"",
            "PostCode":"MK43 7QG",
            "TrimmedAddress":"10 Park Road, Stevington, BEDFORD, MK43 7QG"
        },
        {
            "AddressLine1":"13 Park Road",
            "AddressLine2":"Stevington",
            "AddressLine3":"",
            "Town":"BEDFORD",
            "County":"",
            "PostCode":"MK43 7QG",
            "TrimmedAddress":"13 Park Road, Stevington, BEDFORD, MK43 7QG"
        },
        {
            "AddressLine1":"15a Park Road",
            "AddressLine2":"Stevington",
            "AddressLine3":"",
            "Town":"BEDFORD",
            "County":"",
            "PostCode":"MK43 7QG",
            "TrimmedAddress":"15a Park Road, Stevington, BEDFORD, MK43 7QG"
        },
        {
            "AddressLine1":"15b Park Road",
            "AddressLine2":"Stevington",
            "AddressLine3":"",
            "Town":"BEDFORD",
            "County":"",
            "PostCode":"MK43 7QG",
            "TrimmedAddress":"15b Park Road, Stevington, BEDFORD, MK43 7QG"
        },
        {
            "AddressLine1":"34 Park Road",
            "AddressLine2":"Stevington",
            "AddressLine3":"",
            "Town":"BEDFORD",
            "County":"",
            "PostCode":"MK43 7QG",
            "TrimmedAddress":"34 Park Road, Stevington, BEDFORD, MK43 7QG"
        },
        {
            "AddressLine1":"36 Park Road",
            "AddressLine2":"Stevington",
            "AddressLine3":"",
            "Town":"BEDFORD",
            "County":"",
            "PostCode":"MK43 7QG",
            "TrimmedAddress":"36 Park Road, Stevington, BEDFORD, MK43 7QG"
        },
        {
            "AddressLine1":"38 Park Road",
            "AddressLine2":"Stevington",
            "AddressLine3":"",
            "Town":"BEDFORD",
            "County":"",
            "PostCode":"MK43 7QG",
            "TrimmedAddress":"38 Park Road, Stevington, BEDFORD, MK43 7QG"
        },
        {
            "AddressLine1":"40 Park Road",
            "AddressLine2":"Stevington",
            "AddressLine3":"",
            "Town":"BEDFORD",
            "County":"",
            "PostCode":"MK43 7QG",
            "TrimmedAddress":"40 Park Road, Stevington, BEDFORD, MK43 7QG"
        },
        {
            "AddressLine1":"41 Park Road",
            "AddressLine2":"Stevington",
            "AddressLine3":"",
            "Town":"BEDFORD",
            "County":"",
            "PostCode":"MK43 7QG",
            "TrimmedAddress":"41 Park Road, Stevington, BEDFORD, MK43 7QG"
        },
        {
            "AddressLine1":"42 Park Road",
            "AddressLine2":"Stevington",
            "AddressLine3":"",
            "Town":"BEDFORD",
            "County":"",
            "PostCode":"MK43 7QG",
            "TrimmedAddress":"42 Park Road, Stevington, BEDFORD, MK43 7QG"
        },
        {
            "AddressLine1":"43 Park Road",
            "AddressLine2":"Stevington",
            "AddressLine3":"",
            "Town":"BEDFORD",
            "County":"",
            "PostCode":"MK43 7QG",
            "TrimmedAddress":"43 Park Road, Stevington, BEDFORD, MK43 7QG"
        },
        {
            "AddressLine1":"44 Park Road",
            "AddressLine2":"Stevington",
            "AddressLine3":"",
            "Town":"BEDFORD",
            "County":"",
            "PostCode":"MK43 7QG",
            "TrimmedAddress":"44 Park Road, Stevington, BEDFORD, MK43 7QG"
        },
        {
            "AddressLine1":"46 Park Road",
            "AddressLine2":"Stevington",
            "AddressLine3":"",
            "Town":"BEDFORD",
            "County":"",
            "PostCode":"MK43 7QG",
            "TrimmedAddress":"46 Park Road, Stevington, BEDFORD, MK43 7QG"
        },
        {
            "AddressLine1":"56 Park Road",
            "AddressLine2":"Stevington",
            "AddressLine3":"",
            "Town":"BEDFORD",
            "County":"",
            "PostCode":"MK43 7QG",
            "TrimmedAddress":"56 Park Road, Stevington, BEDFORD, MK43 7QG"
        },
        {
            "AddressLine1":"58 Park Road",
            "AddressLine2":"Stevington",
            "AddressLine3":"",
            "Town":"BEDFORD",
            "County":"",
            "PostCode":"MK43 7QG",
            "TrimmedAddress":"58 Park Road, Stevington, BEDFORD, MK43 7QG"
        },
        {
            "AddressLine1":"60 Park Road",
            "AddressLine2":"Stevington",
            "AddressLine3":"",
            "Town":"BEDFORD",
            "County":"",
            "PostCode":"MK43 7QG",
            "TrimmedAddress":"60 Park Road, Stevington, BEDFORD, MK43 7QG"
        },
        {
            "AddressLine1":"62 Park Road",
            "AddressLine2":"Stevington",
            "AddressLine3":"",
            "Town":"BEDFORD",
            "County":"",
            "PostCode":"MK43 7QG",
            "TrimmedAddress":"62 Park Road, Stevington, BEDFORD, MK43 7QG"
        },
        {
            "AddressLine1":"64 Park Road",
            "AddressLine2":"Stevington",
            "AddressLine3":"",
            "Town":"BEDFORD",
            "County":"",
            "PostCode":"MK43 7QG",
            "TrimmedAddress":"64 Park Road, Stevington, BEDFORD, MK43 7QG"
        },
        {
            "AddressLine1":"66 Park Road",
            "AddressLine2":"Stevington",
            "AddressLine3":"",
            "Town":"BEDFORD",
            "County":"",
            "PostCode":"MK43 7QG",
            "TrimmedAddress":"66 Park Road, Stevington, BEDFORD, MK43 7QG"
        },
        {
            "AddressLine1":"68 Park Road",
            "AddressLine2":"Stevington",
            "AddressLine3":"",
            "Town":"BEDFORD",
            "County":"",
            "PostCode":"MK43 7QG",
            "TrimmedAddress":"68 Park Road, Stevington, BEDFORD, MK43 7QG"
        },
        {
            "AddressLine1":"88 Park Road",
            "AddressLine2":"Stevington",
            "AddressLine3":"",
            "Town":"BEDFORD",
            "County":"",
            "PostCode":"MK43 7QG",
            "TrimmedAddress":"88 Park Road, Stevington, BEDFORD, MK43 7QG"
        },
        {
            "AddressLine1":"93 Park Road",
            "AddressLine2":"Stevington",
            "AddressLine3":"",
            "Town":"BEDFORD",
            "County":"",
            "PostCode":"MK43 7QG",
            "TrimmedAddress":"93 Park Road, Stevington, BEDFORD, MK43 7QG"
        },
        {
            "AddressLine1":"95 Park Road",
            "AddressLine2":"Stevington",
            "AddressLine3":"",
            "Town":"BEDFORD",
            "County":"",
            "PostCode":"MK43 7QG",
            "TrimmedAddress":"95 Park Road, Stevington, BEDFORD, MK43 7QG"
        },
        {
            "AddressLine1":"105 Park Road",
            "AddressLine2":"Stevington",
            "AddressLine3":"",
            "Town":"BEDFORD",
            "County":"",
            "PostCode":"MK43 7QG",
            "TrimmedAddress":"105 Park Road, Stevington, BEDFORD, MK43 7QG"
        },
        {
            "AddressLine1":"Evening House",
            "AddressLine2":"Park Road",
            "AddressLine3":"Stevington",
            "Town":"BEDFORD",
            "County":"",
            "PostCode":"MK43 7QG",
            "TrimmedAddress":"Evening House, Park Road, Stevington, BEDFORD, MK43 7QG"
        },
        {
            "AddressLine1":"Old Chapel",
            "AddressLine2":"Park Road",
            "AddressLine3":"Stevington",
            "Town":"BEDFORD",
            "County":"",
            "PostCode":"MK43 7QG",
            "TrimmedAddress":"Old Chapel, Park Road, Stevington, BEDFORD, MK43 7QG"
        },
        {
            "AddressLine1":"Park Road House",
            "AddressLine2":"Park Road",
            "AddressLine3":"Stevington",
            "Town":"BEDFORD",
            "County":"",
            "PostCode":"MK43 7QG",
            "TrimmedAddress":"Park Road House, Park Road, Stevington, BEDFORD, MK43 7QG"
        }
    ]
}